<?xml version="1.0" encoding="UTF-8"?>
<component xmlns="http://www.opensource-socialnetwork.org/v/3.0">
    <name>SearchPosts</name>
    <id>SearchPosts</id>
    <author>Jason</author>
  <!-- <description>Allow searching for online members.</description> -->
    <description>Allow searching for wall posts.</description>
    <license>Open Source Social Network License (OSSN LICENSE)</license>
    <author_url>http://www.opensource-socialnetwork.org</author_url>
    <license_url>http://www.opensource-socialnetwork.org/licence/</license_url>
    <version>1.3</version>
	<requires>
		<type>ossn_version</type>
		<version>5.0</version>
	</requires>
</component>